Kecamatan,luas area,borough,latitude,longitude,Penduduk,Laju Pertumbuhan,Persentase
SAWANGAN,26.19,Jawa Barat,-6.4085961,106.7647475,1789,365,870
PANCORAN MAS,18.03,Jawa Barat,-6.389574,106.79719,245,148,1191
CIPAYUNG,11.45,Jawa Barat,-6.31854,106.899117,1716,288,834
SUKMAJAYA,17.35,Jawa Barat,-6.39611,106.84021,2525,81,1228
CILODONG,16.19,Jawa Barat,-6.443612,106.826561,1682,291,818
CIMANGGIS,21.58,Jawa Barat,-6.3644564,106.8591387,252,39,1225
TAPOS,33.26,Jawa Barat,-6.43239929,106.8866594,2634,193,1281
BEJI,14.56,Jawa Barat,-6.3758806,106.8237374,1717,33,835
LIMO,11.84,Jawa Barat,-6.36722069,106.7829,1157,269,563
CINERE,10.55,Jawa Barat,-6.34033,106.79391,1017,-54,495
KOTA DEPOK,200.29,Jawa Barat,-6.4024844,106.7942405,20564,164,100
